weight,SMILES,Solvent,"T,K",Source,Solubility,SMILES_Solvent,ensemble_rdkit,dipole,SASA
0.25,B12B3B4B1C234,water,298.15,AqSolDB,-4.7424,O,ConformerEnsemble(2 conformers),1.100729648699052,214.67274333536153
1.0,Br/C(C=NNc1ccc2nncn2n1)=C\c1ccccc1,water,298.15,AqSolDB,-5.14,O,ConformerEnsemble(21 conformers),3.0031441080381622,519.7263483672383
0.675,Br/C=C/Br,water,298.15,AqSolDB,-1.47611,O,ConformerEnsemble(1 conformers),5.072856326821818e-05,235.48349389987294
0.675,Br/C=C\Br,water,298.15,AqSolDB,-1.36389,O,ConformerEnsemble(1 conformers),1.5149714598362591,230.503299636832
1.0,BrC(=C\c1ccccc1)/C=N/Nc1ccc2nncn2n1,water,298.15,AqSolDB,-5.14,O,ConformerEnsemble(15 conformers),3.0708526896532313,519.5946845915649
1.0,BrC(=C\c1ccccc1)/C=N/n1cnnc1,water,298.15,AqSolDB,-4.65,O,ConformerEnsemble(8 conformers),2.8068876305286103,435.82469035562497
1.0,BrC(Br)(Br)Br,water,298.15,AqSolDB,-3.14005,O,ConformerEnsemble(2 conformers),3.151704928185908e-07,269.9946573715332
1.0,BrC(Br)Br,water,298.15,AqSolDB,-1.88302,O,ConformerEnsemble(1 conformers),0.8231530458921927,243.92385781700108
1.0,BrC(Br)C(Br)Br,water,298.15,AqSolDB,-2.72511,O,ConformerEnsemble(11 conformers),0.3676741837395537,293.2048126812255
1.0,BrC(C=NNc1ccc2nncn2[nH+]1)=Cc1ccccc1,water,298.15,AqSolDB,-5.14,O,ConformerEnsemble(26 conformers),3.0276652948460305,520.6298356746616
1.0,BrC(C=Nn1cnnc1)=Cc1ccccc1,water,298.15,AqSolDB,-4.65,O,ConformerEnsemble(22 conformers),2.8247710994531476,435.32036241251365
0.25,BrC1CC(Br)CC(Br)CC(Br)CC(Br)CC(Br)C1,water,298.15,AqSolDB,-6.99043,O,ConformerEnsemble(50 conformers),1.4099910131043352,519.5307854616457
0.675,BrC1CCC(Br)C(Br)CCC(Br)C(Br)CCC1Br,water,298.15,AqSolDB,-7.87104,O,ConformerEnsemble(50 conformers),2.14467451551454,505.8235729212032
1.0,BrC1CCCCC1,water,298.15,AqSolDB,-2.29597,O,ConformerEnsemble(11 conformers),1.6671538868447306,284.6303203904913
0.7,BrC=CBr,water,298.15,AqSolDB,-1.32,O,ConformerEnsemble(2 conformers),0.09085140016977246,235.0366473492925
1.0,BrCBr,water,298.15,AqSolDB,-1.18173,O,ConformerEnsemble(1 conformers),1.2480037506952835,212.6929261397879
0.675,BrCC(Br)Br,water,298.15,AqSolDB,-2.72896,O,ConformerEnsemble(6 conformers),0.9229382216753949,269.05782600345276
0.675,BrCC(CBr)(CBr)CBr,water,298.15,AqSolDB,-5.38163,O,ConformerEnsemble(44 conformers),0.01594328515817608,351.4026474462014
1.0,BrCCBr,water,298.15,AqSolDB,-1.67319,O,ConformerEnsemble(3 conformers),0.09692943281166633,242.51120298131798
1.0,BrCCCBr,water,298.15,AqSolDB,-2.07765,O,ConformerEnsemble(9 conformers),1.5416326821111008,266.289530946146
0.675,BrCCCCBr,water,298.15,AqSolDB,-2.79008,O,ConformerEnsemble(23 conformers),0.6751709102766623,294.4066311454867
0.675,BrCCc1ccccc1,water,298.15,AqSolDB,-3.67841,O,ConformerEnsemble(6 conformers),1.5062355014792121,319.84745180824405
1.0,Brc1c(-c2ccc3c(c2)OCO3)nc2ncccn12,water,298.15,AqSolDB,-3.91,O,ConformerEnsemble(4 conformers),0.8734054118781519,443.3977890272664
1.0,Brc1c(-c2ccccc2)nc2n1Cc1ccccc1-2,water,298.15,AqSolDB,-5.71,O,ConformerEnsemble(4 conformers),1.4110101188213695,466.3271970000716
0.675,Brc1c(Br)c(Br)c(Br)c(Br)c1Br,water,298.15,AqSolDB,-9.53904,O,ConformerEnsemble(1 conformers),4.11570199274549e-05,393.2569745439483
0.25,Brc1c(Br)c(Br)c(CCc2c(Br)c(Br)c(Br)c(Br)c2Br)c(Br)c1Br,water,298.15,AqSolDB,-9.12999,O,ConformerEnsemble(16 conformers),1.0609818665126685,586.8393313038118
0.25,Brc1c(Br)c(Br)c(Oc2c(Br)c(Br)c(Br)c(Br)c2Br)c(Br)c1Br,water,298.15,AqSolDB,-9.9819,O,ConformerEnsemble(8 conformers),0.1267939299147891,596.2230100114987
1.0,Brc1c(NC2=NCCN2)ccc2nccnc12,water,298.15,AqSolDB,-4.42,O,ConformerEnsemble(3 conformers),0.956241035730891,430.35278480795193
1.0,Brc1c(NC2=[NH+]CCN2)ccc2nccnc12,water,298.15,AqSolDB,-4.42,O,ConformerEnsemble(4 conformers),5.314019047598241,432.76409813332424
1.0,Brc1c[nH+]c2ccccc2c1N1CCCCC1,water,298.15,AqSolDB,-5.39,O,ConformerEnsemble(4 conformers),0.898758729475196,432.6906095394737
1.0,Brc1c[nH]c2nc(SCC=Cc3ccccc3)nc-2c1,water,298.15,AqSolDB,-6.06,O,ConformerEnsemble(34 conformers),0.8690482371663532,521.0933804305959
1.0,Brc1c[nH]c2nc(SCc3nc4ccccc4[nH]3)nc-2c1,water,298.15,AqSolDB,-5.48,O,ConformerEnsemble(8 conformers),2.1643131090932695,510.32859562369305
1.0,Brc1c[nH]c2ncnc-2c1,water,298.15,AqSolDB,-3.82,O,ConformerEnsemble(1 conformers),1.5883585011532324,299.9522858665369
1.0,Brc1cc(-c2ccccc2)nc(-c2ccccc2)n1,water,298.15,AqSolDB,-6.02,O,ConformerEnsemble(8 conformers),1.6935750561772989,479.21293808419614
0.25,Brc1cc(Br)c(-c2ccccc2)c(Br)c1,water,298.15,AqSolDB,-7.3,O,ConformerEnsemble(2 conformers),0.6378656328843291,432.1504441889839
1.0,Brc1cc(Br)c(Br)cc1Br,water,298.15,AqSolDB,-6.98531,O,ConformerEnsemble(1 conformers),3.39732900562683e-05,354.90585306900635
0.675,Brc1cc(Br)c(OCCOc2c(Br)cc(Br)cc2Br)c(Br)c1,water,298.15,AqSolDB,-6.53863,O,ConformerEnsemble(19 conformers),0.3629622798073442,583.2243805262383
0.25,Brc1cc(Br)c(Oc2cc(Br)cc(Br)c2Br)c(Br)c1,water,298.15,AqSolDB,-8.1979,O,ConformerEnsemble(8 conformers),0.9498172145072689,527.3660579516286
1.0,Brc1cc(Br)c2nc3c(cc2c1)CCC3,water,298.15,AqSolDB,-5.24,O,ConformerEnsemble(1 conformers),2.531318534790975,419.98430725697796
1.0,Brc1cc(Br)cc(Br)c1,water,298.15,AqSolDB,-5.60006,O,ConformerEnsemble(1 conformers),7.75289086140235e-06,334.0352328470271
1.0,Brc1cc(Br)cc(CN2CCSCC2)c1,water,298.15,AqSolDB,-5.64,O,ConformerEnsemble(25 conformers),1.311786648693638,451.30800417759167
1.0,Brc1cc(Br)cc(C[NH+]2CCSCC2)c1,water,298.15,AqSolDB,-5.64,O,ConformerEnsemble(31 conformers),3.926025213977496,455.34519705776523
1.0,Brc1cc(Cc2nnc(-c3ccccc3)o2)c(Br)s1,water,298.15,AqSolDB,-6.0,O,ConformerEnsemble(9 conformers),1.099510756561388,497.8919531908557
1.0,Brc1cc2c(cc1-c1nc3ccccc3s1)OCO2,water,298.15,AqSolDB,-5.68,O,ConformerEnsemble(2 conformers),1.1550318936287753,456.5020139846905
1.0,Brc1cc2c(cc1CSc1ncccn1)OCO2,water,298.15,AqSolDB,-5.56,O,ConformerEnsemble(7 conformers),1.3890577961869495,445.45086780270094
0.675,Brc1cc2oc3cc(Br)c(Br)cc3c2cc1Br,water,298.15,AqSolDB,-6.83982,O,ConformerEnsemble(1 conformers),0.7200423421964997,462.18621936880805
0.25,Brc1ccc(-c2c(Br)c(Br)c(Br)c(Br)c2Br)c(Br)c1Br,water,298.15,AqSolDB,-9.351,O,ConformerEnsemble(2 conformers),1.4053415565436564,542.5939277480605
0.25,Brc1ccc(-c2ccc(Br)c(Br)c2Br)c(Br)c1Br,water,298.15,AqSolDB,-7.7563,O,ConformerEnsemble(2 conformers),2.161942343287921,503.2776766585687
0.25,Brc1ccc(-c2ccc(Br)cc2)cc1,water,298.15,AqSolDB,-7.74,O,ConformerEnsemble(4 conformers),2.7064144874473336e-05,413.6478218815242
1.0,Brc1ccc(-c2ccccc2)cc1,water,298.15,AqSolDB,-5.55183,O,ConformerEnsemble(4 conformers),1.5433378815311087,380.2967309556429
1.0,Brc1ccc(-c2cn3ccccc3n2)cc1,water,298.15,AqSolDB,-5.53,O,ConformerEnsemble(2 conformers),2.680754413360798,422.8296177737897
1.0,Brc1ccc(-c2cnco2)cc1,water,298.15,AqSolDB,-5.01,O,ConformerEnsemble(2 conformers),0.7007821099186493,347.5729974660608
1.0,Brc1ccc(-c2csc(N3CCCCCC3)n2)cc1,water,298.15,AqSolDB,-5.45,O,ConformerEnsemble(19 conformers),2.437785171991044,492.91239330523797
1.0,Brc1ccc(-c2csc(N3CCOCC3)n2)cc1,water,298.15,AqSolDB,-6.04,O,ConformerEnsemble(11 conformers),1.8027719158203974,472.53542858920775
0.35,Brc1ccc(-c2nc(-c3ccc4nc[nH]c4c3)no2)cc1,water,298.15,AqSolDB,-4.451,O,ConformerEnsemble(4 conformers),1.4511243822937292,499.53143454106026
1.0,Brc1ccc(-c2nc(-c3ccncc3)no2)cc1,water,298.15,AqSolDB,-6.18,O,ConformerEnsemble(4 conformers),0.26523463103718714,453.52849827610635
1.0,Brc1ccc(-c2ncc3ccccn23)cc1,water,298.15,AqSolDB,-3.97,O,ConformerEnsemble(4 conformers),2.2354464581493168,416.1119885884084
1.0,Brc1ccc(-c2nn[n-]n2)cc1,water,298.15,AqSolDB,-4.37,O,ConformerEnsemble(2 conformers),1.331083010813375,336.05182890355576
1.0,Brc1ccc(-c2nn[nH]n2)cc1,water,298.15,AqSolDB,-4.37,O,ConformerEnsemble(2 conformers),1.6734459274400915,340.0771782290418
1.0,Brc1ccc(-c2nnc(-c3cccnc3)o2)cc1,water,298.15,AqSolDB,-4.5,O,ConformerEnsemble(4 conformers),1.2261937583542692,453.0500873581612
1.0,Brc1ccc(-c2nnc(Cc3ccccc3)o2)cc1,water,298.15,AqSolDB,-4.88,O,ConformerEnsemble(8 conformers),1.5583771207488981,489.63138669635737
1.0,Brc1ccc(-c2noc(-c3ccccc3)n2)o1,water,298.15,AqSolDB,-5.99,O,ConformerEnsemble(4 conformers),2.010320513780156,441.70391576264296
1.0,Brc1ccc(-c2noc(-c3ccccn3)n2)o1,water,298.15,AqSolDB,-4.43,O,ConformerEnsemble(4 conformers),2.18230260522166,437.5181922969105
1.0,Brc1ccc(-n2cnc(-c3ccccc3)c2)cc1,water,298.15,AqSolDB,-5.48,O,ConformerEnsemble(4 conformers),0.36039787412788105,464.6902517141232
1.0,Brc1ccc(/C=N/Nc2nc3ccccc3o2)cc1,water,298.15,AqSolDB,-5.65,O,ConformerEnsemble(12 conformers),1.7100498651120202,487.7010713090634
1.0,Brc1ccc(/C=N/n2cnnc2)s1,water,298.15,AqSolDB,-4.05,O,ConformerEnsemble(4 conformers),1.9963156946956626,383.21095091759264
0.675,Brc1ccc(Br)c(-c2cc(Br)c(Br)cc2Br)c1,water,298.15,AqSolDB,-9.72837,O,ConformerEnsemble(2 conformers),1.030465594621482,489.5524674386644
0.25,Brc1ccc(Br)c(-c2cc(Br)ccc2Br)c1,water,298.15,AqSolDB,-8.06,O,ConformerEnsemble(2 conformers),0.046897155204602525,462.5116702161167
1.0,Brc1ccc(Br)c(Br)c1,water,298.15,AqSolDB,-4.54431,O,ConformerEnsemble(1 conformers),0.9671672990624858,327.5849975180843
1.0,Brc1ccc(Br)cc1,water,298.15,AqSolDB,-4.07069,O,ConformerEnsemble(1 conformers),6.5199427506129184e-06,300.7441493891213
1.0,Brc1ccc(C2=CC(c3ccco3)N3NN=NC3=N2)cc1,water,298.15,AqSolDB,-6.06,O,ConformerEnsemble(25 conformers),3.026269569322295,488.23011842742625
1.0,Brc1ccc(C2=CC(c3ccco3)n3nnnc3N2)cc1,water,298.15,AqSolDB,-6.06,O,ConformerEnsemble(15 conformers),1.6824550265119715,493.70539254452075
1.0,Brc1ccc(C2=CSC3=NCCN23)cc1,water,298.15,AqSolDB,-3.99,O,ConformerEnsemble(4 conformers),0.4338243588045771,410.6878803959939
1.0,Brc1ccc(C2=Nn3cnnc3SC2)cc1,water,298.15,AqSolDB,-4.14,O,ConformerEnsemble(8 conformers),1.8731051974486357,418.4375075330737
1.0,Brc1ccc(C2NCCS2)cc1,water,298.15,AqSolDB,-3.92,O,ConformerEnsemble(12 conformers),1.8027881180461756,372.6941258018805
1.0,Brc1ccc(C2[NH2+]CCS2)cc1,water,298.15,AqSolDB,-3.92,O,ConformerEnsemble(8 conformers),5.278039309168642,377.658240211851
1.0,Brc1ccc(C=NNc2nc3ccccc3o2)cc1,water,298.15,AqSolDB,-5.65,O,ConformerEnsemble(18 conformers),1.7463379797063958,487.24249420389515
1.0,Brc1ccc(C=Nn2cnnc2)s1,water,298.15,AqSolDB,-4.05,O,ConformerEnsemble(12 conformers),1.9992456155951968,382.92111915092295
1.0,Brc1ccc(CN2CCC(N3CCCCCC3)CC2)cc1,water,298.15,AqSolDB,-3.03,O,ConformerEnsemble(49 conformers),1.588924734187113,550.4320369719622
1.0,Brc1ccc(CN2CCCCCC2)cc1,water,298.15,AqSolDB,-4.33,O,ConformerEnsemble(33 conformers),1.8239348850593107,433.9354719238742
1.0,Brc1ccc(CN2CCN(c3ccccc3)CC2)o1,water,298.15,AqSolDB,-4.15,O,ConformerEnsemble(37 conformers),1.3496804292798235,496.66401763528967
1.0,Brc1ccc(CNCC2CCCO2)cc1,water,298.15,AqSolDB,-3.9,O,ConformerEnsemble(37 conformers),1.7070669746664184,438.87501309260057
1.0,Brc1ccc(CNc2ccc3ncccc3c2)cc1,water,298.15,AqSolDB,-6.02,O,ConformerEnsemble(8 conformers),1.5607817320876316,484.3657091587272
1.0,Brc1ccc(COc2cccc3cccnc23)cc1,water,298.15,AqSolDB,-5.14,O,ConformerEnsemble(5 conformers),2.1042026821496163,485.49375006378403
1.0,Brc1ccc(COn2ccnc2)cc1,water,298.15,AqSolDB,-3.82,O,ConformerEnsemble(15 conformers),1.6729189800441802,390.4313748391309
1.0,Brc1ccc(CSc2ccc(-c3ccco3)nn2)cc1,water,298.15,AqSolDB,-5.76,O,ConformerEnsemble(11 conformers),1.64791970051141,511.23341453344483
1.0,Brc1ccc(C[NH+]2CCCCCC2)cc1,water,298.15,AqSolDB,-4.33,O,ConformerEnsemble(33 conformers),6.924653160812162,436.8008569156344
1.0,Brc1ccc(C[NH+]2CCN(c3ccccc3)CC2)o1,water,298.15,AqSolDB,-4.16,O,ConformerEnsemble(45 conformers),3.121259409660563,504.0732992192145
1.0,Brc1ccc(C[NH2+]CC2CCCO2)cc1,water,298.15,AqSolDB,-3.9,O,ConformerEnsemble(30 conformers),7.431474295044689,450.4218335535256
1.0,Brc1ccc(I)cc1,water,298.15,AqSolDB,-4.50362,O,ConformerEnsemble(1 conformers),0.009435300442160942,310.64482866402767
1.0,Brc1ccc(Nc2[nH]cnc3nncc2-3)cc1,water,298.15,AqSolDB,-4.54,O,ConformerEnsemble(8 conformers),3.5352744119435178,424.4525366565614
1.0,Brc1ccc(Nc2nc(-c3cccnc3)cs2)cc1,water,298.15,AqSolDB,-6.04,O,ConformerEnsemble(12 conformers),1.737034119392022,485.1116527402706
1.0,Brc1ccc(Nc2ncnc3[nH]ncc23)cc1,water,298.15,AqSolDB,-4.54,O,ConformerEnsemble(6 conformers),1.4539779412837353,426.2419617309123
1.0,Brc1ccc(OCCCCN2CCCCC2)cc1,water,298.15,AqSolDB,-3.88,O,ConformerEnsemble(50 conformers),2.118381189947052,516.7441556994297
1.0,Brc1ccc(OCCCC[NH+]2CCCCC2)cc1,water,298.15,AqSolDB,-3.89,O,ConformerEnsemble(49 conformers),9.650493429001468,488.5103818939471
1.0,Brc1ccc(OCCCOc2cccc3cccnc23)cc1,water,298.15,AqSolDB,-5.65,O,ConformerEnsemble(38 conformers),2.3337518603921628,541.7150127984055
1.0,Brc1ccc(OCCN2CCOCC2)cc1,water,298.15,AqSolDB,-3.99,O,ConformerEnsemble(41 conformers),1.450976914094941,457.68143753043
1.0,Brc1ccc(OCC[NH+]2CCOCC2)cc1,water,298.15,AqSolDB,-4.0,O,ConformerEnsemble(41 conformers),8.919315367235514,458.1612251109958
1.0,Brc1ccc(OCc2cn3ccccc3n2)cc1,water,298.15,AqSolDB,-4.76,O,ConformerEnsemble(7 conformers),2.0489996581173506,464.81827789242703
1.0,Brc1ccc(OCc2nc3ccccc3[nH]2)cc1,water,298.15,AqSolDB,-5.1,O,ConformerEnsemble(7 conformers),1.594038527485946,464.2840984861323
1.0,Brc1ccc(OCc2nnnn2-c2ccccc2)cc1,water,298.15,AqSolDB,-4.72,O,ConformerEnsemble(27 conformers),2.34884736114009,456.2438502345261
1.0,Brc1ccc2[nH]c3c(c2c1)CCC3,water,298.15,AqSolDB,-4.88,O,ConformerEnsemble(1 conformers),2.6556809535842825,377.03300590267486
1.0,Brc1ccc2c(c1)C1OCCC1C(c1cccs1)N2,water,298.15,AqSolDB,-5.38,O,ConformerEnsemble(19 conformers),2.5746634183530372,467.1423801930375
0.675,Brc1ccc2c(c1)Sc1ccccc1N2,water,298.15,AqSolDB,-6.1107,O,ConformerEnsemble(1 conformers),2.2715380332322526,401.9839803046626
1.0,Brc1ccc2c(c1)[C@H]1OCC[C@H]1[C@@H](c1cccs1)N2,water,298.15,AqSolDB,-5.38,O,ConformerEnsemble(4 conformers),2.5851402276494806,469.39759627480464
1.0,Brc1ccc2ccccc2c1,water,298.15,AqSolDB,-4.40002,O,ConformerEnsemble(1 conformers),1.5214582726341812,333.0238845093786
1.0,Brc1ccc2ncnc(NCc3cccnc3)c2c1,water,298.15,AqSolDB,-3.96,O,ConformerEnsemble(13 conformers),1.04352172391882,467.78894755409914
1.0,Brc1ccc2oc(-c3cc[nH]n3)cc2c1,water,298.15,AqSolDB,-5.72,O,ConformerEnsemble(2 conformers),2.700887067728634,400.61299727610105
1.0,Brc1ccc2oc(-c3ccn[nH]3)cc2c1,water,298.15,AqSolDB,-5.72,O,ConformerEnsemble(2 conformers),0.7907664246746678,398.5671287840248
1.0,Brc1cccc(-c2cnco2)c1,water,298.15,AqSolDB,-4.75,O,ConformerEnsemble(2 conformers),1.1660446264264395,347.6344737784341
1.0,Brc1cccc(/C=N/Nc2nn[nH]n2)c1,water,298.15,AqSolDB,-4.36,O,ConformerEnsemble(12 conformers),1.5673484257196033,408.05071212225533
1.0,Brc1cccc(Br)c1,water,298.15,AqSolDB,-3.54114,O,ConformerEnsemble(1 conformers),1.2633878558245901,301.1141608005815
1.0,Brc1cccc(Br)c1Br,water,298.15,AqSolDB,-5.04004,O,ConformerEnsemble(1 conformers),1.9514818606028488,321.11475656267714
1.0,Brc1cccc(C2Nc3cccc4cccc(c34)N2)c1,water,298.15,AqSolDB,-6.04,O,ConformerEnsemble(4 conformers),1.1078911502471018,486.3140107836325
1.0,Brc1cccc(C=NNc2nn[n-]n2)c1,water,298.15,AqSolDB,-4.36,O,ConformerEnsemble(17 conformers),2.1239237025604023,402.4335185113498
1.0,Brc1cccc(C=NNc2nn[nH]n2)c1,water,298.15,AqSolDB,-4.36,O,ConformerEnsemble(17 conformers),1.567443712989807,408.08139809903224
1.0,Brc1cccc(C=Nc2cccc3ncccc23)c1,water,298.15,AqSolDB,-4.41,O,ConformerEnsemble(6 conformers),1.2060750178838606,483.12707165863765
1.0,Brc1cccc(CN2CCCCCC2)c1,water,298.15,AqSolDB,-4.25,O,ConformerEnsemble(30 conformers),1.664731660687883,433.0069507342149
1.0,Brc1cccc(CN2CCN(c3ncccn3)CC2)c1,water,298.15,AqSolDB,-4.12,O,ConformerEnsemble(36 conformers),1.541861013750099,506.57269737194497
1.0,Brc1cccc(CNCC2CCCO2)c1,water,298.15,AqSolDB,-3.82,O,ConformerEnsemble(39 conformers),1.765813588427111,441.59457731362943
1.0,Brc1cccc(CNCc2ccncc2)c1,water,298.15,AqSolDB,-3.82,O,ConformerEnsemble(28 conformers),1.4882556800582893,437.9681402228049
1.0,Brc1cccc(CNn2cnnc2)c1,water,298.15,AqSolDB,-4.05,O,ConformerEnsemble(12 conformers),2.0977356266328973,378.0674369143221
1.0,Brc1cccc(C[NH+]2CCCCCC2)c1,water,298.15,AqSolDB,-4.25,O,ConformerEnsemble(30 conformers),6.281074582963883,436.86139517894225
1.0,Brc1cccc(C[NH+]2CCN(c3ncccn3)CC2)c1,water,298.15,AqSolDB,-4.12,O,ConformerEnsemble(35 conformers),2.322783878977424,512.2150087814257
1.0,Brc1cccc(C[NH2+]CC2CCCO2)c1,water,298.15,AqSolDB,-3.83,O,ConformerEnsemble(31 conformers),6.610657553691656,450.3594200468727
1.0,Brc1cccc(C[NH2+]Cc2ccncc2)c1,water,298.15,AqSolDB,-3.83,O,ConformerEnsemble(21 conformers),3.359885021444245,446.0483880985373
1.0,Brc1cccc(Nc2nc(-c3cccnc3)cs2)c1,water,298.15,AqSolDB,-6.22,O,ConformerEnsemble(12 conformers),1.5818002857129914,482.5503116031245
0.35,Brc1cccc(Nc2nc3c(N4CCCC4)ncnc3s2)c1,water,298.15,AqSolDB,-3.39942,O,ConformerEnsemble(12 conformers),1.2802135076632004,511.65579410620336
0.35,Brc1cccc(Nc2ncnc3cc(NCCCn4ccnc4)ncc23)c1,water,298.15,AqSolDB,-1.39794,O,ConformerEnsemble(48 conformers),2.8063302423356977,567.6645265010919
0.35,Brc1cccc(Nc2ncnc3cc(NCCc4c[nH]cn4)ncc23)c1,water,298.15,AqSolDB,-1.45593,O,ConformerEnsemble(41 conformers),3.3345116770669256,602.7365473614893
0.25,Brc1cccc(Nc2ncnc3cc4[nH]ccc4cc23)c1,water,298.15,AqSolDB,-2.82,O,ConformerEnsemble(8 conformers),2.645579743953451,497.78726117495376
0.25,Brc1cccc(Nc2ncnc3cc4[nH]ncc4cc23)c1,water,298.15,AqSolDB,-3.96,O,ConformerEnsemble(8 conformers),1.525891874813139,490.8015990161905
0.35,Brc1cccc(Nc2ncnc3cnc(NCCCN4CCOCC4)cc23)c1,water,298.15,AqSolDB,-7.35655,O,ConformerEnsemble(50 conformers),2.051041648012853,658.7557392494554
0.35,Brc1cccc(Nc2ncnc3cnc(NCCCn4ccnc4)cc23)c1,water,298.15,AqSolDB,-7.63827,O,ConformerEnsemble(45 conformers),3.092434744879951,574.1819709019625
0.35,Brc1cccc(Nc2ncnc3cnc(NCCN4CCOCC4)cc23)c1,water,298.15,AqSolDB,-8.0,O,ConformerEnsemble(50 conformers),2.008371353016223,628.7124318563485
0.35,Brc1cccc(Nc2ncnc3cnc(NCCc4c[nH]cn4)cc23)c1,water,298.15,AqSolDB,-7.82391,O,ConformerEnsemble(37 conformers),3.6513010423070575,606.4021380908889
0.35,Brc1cccc(Nc2ncnc3cnc(NCCc4ccccn4)cc23)c1,water,298.15,AqSolDB,-7.76955,O,ConformerEnsemble(35 conformers),1.0467055644725647,557.1487878372463
0.35,Brc1cccc(Nc2ncnc3cnc(NCc4cccnc4)cc23)c1,water,298.15,AqSolDB,-7.92082,O,ConformerEnsemble(27 conformers),1.774853013037763,592.0857362373164
1.0,Brc1cccc(OCCCCn2cncn2)c1,water,298.15,AqSolDB,-4.33,O,ConformerEnsemble(38 conformers),1.5647742045255577,471.33926033533595
1.0,Brc1cccc2ccccc12,water,298.15,AqSolDB,-4.34889,O,ConformerEnsemble(1 conformers),1.4088234502483783,327.18378287848935
1.0,Brc1cccc2sc(N3CCCC3)nc12,water,298.15,AqSolDB,-4.74,O,ConformerEnsemble(2 conformers),2.019200149654787,419.12279505075935
1.0,Brc1ccccc1,water,298.15,AqSolDB,-2.55151,O,ConformerEnsemble(1 conformers),1.3837823038333084,267.6530778615191
1.0,Brc1ccccc1-c1cnco1,water,298.15,AqSolDB,-4.42,O,ConformerEnsemble(4 conformers),1.7316940343444058,338.02127945551655
1.0,Brc1ccccc1-c1nc2c3ccccc3ncn2n1,water,298.15,AqSolDB,-4.29,O,ConformerEnsemble(4 conformers),1.5037685388739668,466.24110693534675
1.0,Brc1ccccc1/C=N/N1CCCCC1,water,298.15,AqSolDB,-5.73,O,ConformerEnsemble(16 conformers),1.3392279655246415,428.9247830554105
1.0,Brc1ccccc1/C=N/Nc1ccccn1,water,298.15,AqSolDB,-5.96,O,ConformerEnsemble(9 conformers),1.3738838316391782,434.34236741391527
1.0,Brc1ccccc1/C=N/Nc1nc2ccccc2o1,water,298.15,AqSolDB,-5.8,O,ConformerEnsemble(12 conformers),1.3012951618815234,477.7411090489119
1.0,Brc1ccccc1Br,water,298.15,AqSolDB,-3.5,O,ConformerEnsemble(1 conformers),1.9625700658577303,294.6339272664831
1.0,Brc1ccccc1C1=Nn2c(nnc2-c2ccco2)SC1,water,298.15,AqSolDB,-4.18,O,ConformerEnsemble(8 conformers),3.1416843950394964,493.84758272600635
1.0,Brc1ccccc1C1N=C(c2ccccc2)NO1,water,298.15,AqSolDB,-4.46,O,ConformerEnsemble(11 conformers),1.8184829058825756,452.26546930901424
1.0,Brc1ccccc1C1NC(c2ccccc2)=NO1,water,298.15,AqSolDB,-4.46,O,ConformerEnsemble(7 conformers),1.5971508041684184,452.7056086508917
1.0,Brc1ccccc1C1Nc2cccc3cccc(c23)N1,water,298.15,AqSolDB,-5.06,O,ConformerEnsemble(4 conformers),1.6417954695868433,477.5215876946598
1.0,Brc1ccccc1C=NN1CCCCC1,water,298.15,AqSolDB,-5.73,O,ConformerEnsemble(12 conformers),1.3038326628346213,431.0854400561021
1.0,Brc1ccccc1C=NNc1ccccn1,water,298.15,AqSolDB,-5.96,O,ConformerEnsemble(13 conformers),1.3761804100998005,435.9845354688348
1.0,Brc1ccccc1C=NNc1nc2ccccc2o1,water,298.15,AqSolDB,-5.8,O,ConformerEnsemble(14 conformers),1.3014138207291452,477.88844931536914
1.0,Brc1ccccc1CN1CCC(Cc2ccccc2)CC1,water,298.15,AqSolDB,-5.12,O,ConformerEnsemble(48 conformers),1.2666522620928864,529.4315469192129
1.0,Brc1ccccc1CN1CCC(N2CCCCCC2)CC1,water,298.15,AqSolDB,-3.03,O,ConformerEnsemble(48 conformers),1.4428964915733655,537.6556083652953
1.0,Brc1ccccc1C[NH+]1CCC(Cc2ccccc2)CC1,water,298.15,AqSolDB,-5.12,O,ConformerEnsemble(48 conformers),1.9624200609800886,532.4080167499137
1.0,Brc1ccccc1Cn1cnc2ccccc21,water,298.15,AqSolDB,-4.01,O,ConformerEnsemble(9 conformers),1.6142259384424533,428.9957596177102
1.0,Brc1ccccc1OCCCCN1CCCCC1,water,298.15,AqSolDB,-3.9,O,ConformerEnsemble(49 conformers),1.7788827582150484,507.8328874753329
1.0,Brc1ccccc1OCCCC[NH+]1CCCCC1,water,298.15,AqSolDB,-3.9,O,ConformerEnsemble(49 conformers),5.520081285252848,465.5000947016123
1.0,Brc1ccccc1OCCCOc1cccc2cccnc12,water,298.15,AqSolDB,-5.38,O,ConformerEnsemble(41 conformers),1.4290101350160398,461.02066881899344
1.0,Brc1ccccc1OCCN1CCCC1,water,298.15,AqSolDB,-3.93,O,ConformerEnsemble(35 conformers),1.6603740190554341,432.98635429312594
1.0,Brc1ccccc1OCC[NH+]1CCCC1,water,298.15,AqSolDB,-3.93,O,ConformerEnsemble(29 conformers),5.290186927314141,412.97089049645933
1.0,Brc1ccccc1OCC[NH+]1CCOCC1,water,298.15,AqSolDB,-3.71,O,ConformerEnsemble(35 conformers),4.917471522206396,424.5274634328768
1.0,Brc1ccccn1,water,298.15,AqSolDB,-0.880915,O,ConformerEnsemble(1 conformers),1.9137871262580228,262.0827134819478
1.0,Brc1ccsc1-c1csc(-c2ccncc2)n1,water,298.15,AqSolDB,-5.08,O,ConformerEnsemble(4 conformers),1.4473338513882823,440.368578745681
1.0,Brc1ccsc1/C=N/Nc1ccccc1,water,298.15,AqSolDB,-5.34,O,ConformerEnsemble(12 conformers),0.8011000829426088,430.9230082117728
1.0,Brc1ccsc1C=NNc1ccccc1,water,298.15,AqSolDB,-5.34,O,ConformerEnsemble(17 conformers),0.8082080843425421,431.06169197036695
0.35,Brc1cnc2[nH]c(-c3ccc(CN4CCOCC4)cc3)nc2c1N1CCN(Cc2cccnc2)CC1,water,298.15,AqSolDB,-4.26205,O,ConformerEnsemble(50 conformers),2.507600737187662,768.3003663550317
1.0,Brc1cnc2ccccc2c1N1CCCCC1,water,298.15,AqSolDB,-5.38,O,ConformerEnsemble(3 conformers),1.2741172194583605,432.58653640493714
1.0,Brc1cnc2nc(SC/C=C/c3ccccc3)[nH]c2c1,water,298.15,AqSolDB,-6.06,O,ConformerEnsemble(16 conformers),1.8715294020802258,522.0293041337674
1.0,Brc1cnc2nc(SCc3nc4ccccc4[nH]3)[nH]c2c1,water,298.15,AqSolDB,-5.48,O,ConformerEnsemble(5 conformers),1.1342491411574078,510.27935136060324
1.0,Brc1cnc2nc[nH]c2c1,water,298.15,AqSolDB,-3.82,O,ConformerEnsemble(1 conformers),2.291652926632247,300.49231666143027
1.0,Brc1nc(-c2ccccc2)nc(-c2ccccc2)c1Br,water,298.15,AqSolDB,-5.99,O,ConformerEnsemble(8 conformers),2.09728426604897,501.3795650316388
1.0,Brc1nc(Br)n(Cc2ccccc2)n1,water,298.15,AqSolDB,-4.26,O,ConformerEnsemble(4 conformers),1.988926507237872,402.7067886270386
0.6625,C#CC,water,298.15,AqSolDB,-0.41,O,ConformerEnsemble(1 conformers),0.29820769164514166,187.07205787638216
0.675,C#CC#C,water,298.15,AqSolDB,-0.724037,O,ConformerEnsemble(1 conformers),3.2093159637600377e-07,201.39354451371096
0.25,C#CC(C)(C)C,water,298.15,AqSolDB,-2.61356,O,ConformerEnsemble(2 conformers),0.24303344705591745,268.2467679362415
0.25,C#CC(C)(C)N,water,298.15,AqSolDB,1.03166,O,ConformerEnsemble(2 conformers),0.3491070466750833,262.0773160148825
1.0,C#CC=C,water,298.15,AqSolDB,-1.46272,O,ConformerEnsemble(1 conformers),0.09033494648655506,210.21262862487393
0.675,C#CCBr,water,298.15,AqSolDB,-0.902074,O,ConformerEnsemble(1 conformers),1.356192658773477,223.85307739190569
1.0,C#CCC,water,298.15,AqSolDB,-1.26143,O,ConformerEnsemble(1 conformers),0.2697906898118499,219.41184062354864
1.0,C#CCCC,water,298.15,AqSolDB,-1.63896,O,ConformerEnsemble(3 conformers),0.2717388266007884,247.08243319732554
1.0,C#CCn1c(=O)cc(C)c2ccccc21,water,298.15,AqSolDB,-3.82,O,ConformerEnsemble(2 conformers),1.7245029231670712,391.31256352662
1.0,C#CCn1cnc2c(oc3ccccc32)c1=O,water,298.15,AqSolDB,-3.82,O,ConformerEnsemble(2 conformers),1.0861022873154909,415.4470953337766
0.35,C#C[C@]1(O)CC[C@H]2[C@@H]3CCC4=Cc5oncc5C[C@]4(C)[C@H]3CC[C@@]21C,water,298.15,AqSolDB,-6.52114,O,ConformerEnsemble(1 conformers),2.0437197470380397,534.3702003827015
0.35,c1ccc2nc(N3CC(Oc4nccnc4-c4cncnc4)C3)ccc2c1,water,298.15,AqSolDB,-3.59517,O,ConformerEnsemble(30 conformers),1.2408242559624771,579.5582181129462
0.35,c1ccc2nc(N3CC(Oc4nccnc4N4CCCCC4)C3)ccc2c1,water,298.15,AqSolDB,-6.0,O,ConformerEnsemble(43 conformers),0.9342703041098016,598.0756616312968
0.35,c1ccc2nc(N3CC(Oc4nccnc4N4CCOCC4)C3)ccc2c1,water,298.15,AqSolDB,-3.46092,O,ConformerEnsemble(39 conformers),0.617100403093116,591.1861710053788
1.0,c1ccc2nc(SCc3cn4ccccc4n3)cnc2c1,water,298.15,AqSolDB,-3.82,O,ConformerEnsemble(9 conformers),1.7454553403149695,490.5669762455582
1.0,c1ccc2nc3c(cc2c1)CCCCC3,water,298.15,AqSolDB,-4.76,O,ConformerEnsemble(4 conformers),0.784836112254664,394.8614490676087
1.0,c1ccc2nc3c(nc2c1)CCCC3,water,298.15,AqSolDB,-3.82,O,ConformerEnsemble(1 conformers),0.3977175103890704,372.98167469602043
1.0,c1ccc2nc3c(nc2c1)OCC1CCCCN31,water,298.15,AqSolDB,-4.01,O,ConformerEnsemble(6 conformers),1.585018412835049,422.88741788123065
1.0,c1ccc2nc3ccccc3cc2c1,water,298.15,AqSolDB,-3.66965,O,ConformerEnsemble(1 conformers),0.7194529467738766,361.28326051366815
1.0,c1ccc2nc3ccccc3nc2c1,water,298.15,AqSolDB,-4.17,O,ConformerEnsemble(1 conformers),2.7259521802203054e-05,357.1628725382199
0.35,c1ccc2ncc(-c3nccnc3OC3CN(c4ccc5ccccc5n4)C3)cc2c1,water,298.15,AqSolDB,-6.0,O,ConformerEnsemble(36 conformers),1.0524627785497804,617.8269584253713
1.0,c1ccc2ncccc2c1,water,298.15,AqSolDB,-1.31058,O,ConformerEnsemble(1 conformers),0.7754408110857965,294.14238418138484
0.675,c1ccc2nccnc2c1,water,298.15,AqSolDB,0.705037,O,ConformerEnsemble(1 conformers),0.29683811042660097,288.71194451770674
1.0,c1ccc2oc(-c3cc[nH]n3)cc2c1,water,298.15,AqSolDB,-4.83,O,ConformerEnsemble(2 conformers),1.043390464012511,367.6632861171251
1.0,c1ccc2oc(-c3ccn[nH]3)cc2c1,water,298.15,AqSolDB,-4.83,O,ConformerEnsemble(2 conformers),0.8538675839331834,365.6218293765687
1.0,c1ccc2oc(-c3cncc(-c4cnn(C5CCNCC5)c4)c3)nc2c1,water,298.15,AqSolDB,-4.06,O,ConformerEnsemble(35 conformers),0.6884956293958552,594.0789018814431
1.0,c1ccc2oc(-c3csc(N4CCOCC4)n3)cc2c1,water,298.15,AqSolDB,-4.78,O,ConformerEnsemble(10 conformers),0.41206484493136764,484.85352279328686
1.0,c1ccc2oc(-c3n[nH]cc3C[NH+]3CCSCC3)cc2c1,water,298.15,AqSolDB,-4.05,O,ConformerEnsemble(33 conformers),3.5956255432017676,488.43989479844845
1.0,c1ccc2oc(NC3=NCN(C4CCCCC4)CN3)nc2c1,water,298.15,AqSolDB,-5.36,O,ConformerEnsemble(42 conformers),1.2135915476831727,528.8492079402234
1.0,c1ccc2oc(NC3=[NH+]C[NH+](C4CCCCC4)CN3)nc2c1,water,298.15,AqSolDB,-5.37,O,ConformerEnsemble(36 conformers),8.2927825114909,535.8363558051458
0.35,c1ccc2oc(Nc3ccc(CCNc4ncnc5ccsc45)cc3)nc2c1,water,298.15,AqSolDB,-3.69897,O,ConformerEnsemble(44 conformers),1.6397817567930237,545.748294351612
0.35,c1ccc2oc(Oc3ccc(OCCN4CCCCC4)cc3)nc2c1,water,298.15,AqSolDB,-3.32532,O,ConformerEnsemble(49 conformers),0.732229049860971,596.2749065976917
1.0,c1ccc2ocnc2c1,water,298.15,AqSolDB,-1.15766,O,ConformerEnsemble(1 conformers),0.6327189605646305,268.90091971185757
1.0,c1ccc2sc(C3CCNCC3)nc2c1,water,298.15,AqSolDB,-3.82,O,ConformerEnsemble(14 conformers),0.472862831155301,410.5996787335524
1.0,c1ccc2sc(C3CC[NH2+]CC3)nc2c1,water,298.15,AqSolDB,-3.83,O,ConformerEnsemble(9 conformers),3.84746140691459,403.71162497735605
1.0,c1ccc2sc(NC3=NCN(CC4CCCO4)CN3)nc2c1,water,298.15,AqSolDB,-3.88,O,ConformerEnsemble(42 conformers),1.82978433186523,530.1801174928669
1.0,c1ccc2sc(NC3=[NH+]C[NH+](CC4CCCO4)CN3)nc2c1,water,298.15,AqSolDB,-3.88,O,ConformerEnsemble(35 conformers),9.245583228910307,549.958580555451
1.0,c1ccc2sc(NCC3CCCO3)nc2c1,water,298.15,AqSolDB,-3.82,O,ConformerEnsemble(25 conformers),0.7965133683931871,425.00398886560413
1.0,c1ccc2sc(NN=C3CCCC3)nc2c1,water,298.15,AqSolDB,-4.87,O,ConformerEnsemble(7 conformers),1.3881761099277383,441.6037903273513
0.35,c1ccc2sc(Nc3ccc(CCNc4ncnc5ccsc45)cc3)nc2c1,water,298.15,AqSolDB,-4.0,O,ConformerEnsemble(45 conformers),1.2864540167986,552.2883073785258
0.675,c1ccc2sc(SN(C3CCCCC3)C3CCCCC3)nc2c1,water,298.15,AqSolDB,-6.78948,O,ConformerEnsemble(50 conformers),1.0004747793948463,565.1143241771563
0.25,c1ccc2sc(SN3CCOCC3)nc2c1,water,298.15,AqSolDB,-3.81096,O,ConformerEnsemble(14 conformers),0.4352392629223996,428.30538721566114
0.25,c1ccc2sc(SNC3CCCCC3)nc2c1,water,298.15,AqSolDB,-5.91714,O,ConformerEnsemble(37 conformers),0.9226454190084338,459.508833978544
0.675,c1ccc2sc(SSc3nc4ccccc4s3)nc2c1,water,298.15,AqSolDB,-4.52067,O,ConformerEnsemble(8 conformers),1.1813526301979351,510.1978930278393
1.0,c1ccc2sccc2c1,water,298.15,AqSolDB,-3.01251,O,ConformerEnsemble(1 conformers),0.4260183454619636,288.1120956127073
1.0,c1ccc2scnc2c1,water,298.15,AqSolDB,-1.51781,O,ConformerEnsemble(1 conformers),0.475226228154154,281.8316036185857
1.0,c1ccccc1,water,298.15,AqSolDB,-1.63987,O,ConformerEnsemble(1 conformers),1.2709707436924152e-06,234.19198855864914
1.0,c1ccn(-c2ccc(-c3cc[nH]n3)cc2)c1,water,298.15,AqSolDB,-5.09,O,ConformerEnsemble(4 conformers),1.471574932891436,408.2760742392922
1.0,c1ccn(-c2ccc(-c3ccn[nH]3)cc2)c1,water,298.15,AqSolDB,-5.09,O,ConformerEnsemble(8 conformers),0.37133227291434306,408.189649892993
0.35,c1ccn2c(Sc3ncnc4sccc34)nnc2c1,water,298.15,AqSolDB,-4.69897,O,ConformerEnsemble(3 conformers),1.9934094043601074,442.2165961568407
1.0,c1ccn2cc(-c3ccc4c(c3)OCCO4)nc2c1,water,298.15,AqSolDB,-3.82,O,ConformerEnsemble(2 conformers),0.9795893145932753,452.39771655373727
1.0,c1ccncc1,water,298.15,AqSolDB,0.859819,O,ConformerEnsemble(1 conformers),0.8310068132368938,227.24151745054021
1.0,c1ccnnc1,water,298.15,AqSolDB,1.0986,O,ConformerEnsemble(1 conformers),1.5443237622195771,219.93086794657177
1.0,c1ccoc1,water,298.15,AqSolDB,-0.823798,O,ConformerEnsemble(1 conformers),0.15990737119225737,206.02076949184658
1.0,c1ccsc1,water,298.15,AqSolDB,-1.42241,O,ConformerEnsemble(1 conformers),0.3477916261156535,219.9313222426753
1.0,c1cn(CCCNC2CCCCCCC2)cn1,water,298.15,AqSolDB,-3.99,O,ConformerEnsemble(49 conformers),1.9102920121842804,469.40697315438945
1.0,c1cn(CCC[NH2+]C2CCCCCCC2)cn1,water,298.15,AqSolDB,-4.0,O,ConformerEnsemble(49 conformers),4.377587063458901,446.33471506381346
0.175,c1cn2cc(-c3ccc4cn[nH]c4c3)nc(Nc3ccc(N4CCOCC4)cc3)c2n1,water,298.15,AqSolDB,-5.69897,O,ConformerEnsemble(41 conformers),0.6463672124120905,651.2083328254314
0.425,c1cn[nH]c1,water,298.15,AqSolDB,-0.545,O,ConformerEnsemble(1 conformers),0.9044469180859946,203.80087024676465
1.0,c1cnc(-c2noc(CN3CCN(C4CCCC4)CC3)n2)cn1,water,298.15,AqSolDB,-3.82,O,ConformerEnsemble(50 conformers),0.8606293115569755,538.0885339203728
1.0,c1cnc(-c2noc(C[NH+]3CC[NH+](C4CCCC4)CC3)n2)cn1,water,298.15,AqSolDB,-3.83,O,ConformerEnsemble(50 conformers),13.625143762334757,558.3801578540783
1.0,c1cnc(N2CCN(Cc3ccc4c(c3)OCO4)CC2)cn1,water,298.15,AqSolDB,-3.83,O,ConformerEnsemble(38 conformers),0.7679141383355366,467.81377906971085
1.0,c1cnc(N2CCN(c3ccc4ccccc4n3)CC2)nc1,water,298.15,AqSolDB,-5.35,O,ConformerEnsemble(15 conformers),0.6988098738555643,502.50268816076664
1.0,c1cnc(N2CC[NH+](Cc3ccc4c(c3)OCO4)CC2)cn1,water,298.15,AqSolDB,-3.83,O,ConformerEnsemble(43 conformers),3.5025974151592,486.2123191066524
1.0,c1cnc(N2CC[NH+](Cc3ccc4c(c3)OCO4)CC2)nc1,water,298.15,AqSolDB,-3.7,O,ConformerEnsemble(37 conformers),1.9541700765619274,518.199879832731
1.0,c1cnc(N2CC[NH2+]CC2)nc1,water,298.15,AqSolDB,-3.67,O,ConformerEnsemble(6 conformers),7.092379952705108,342.17351721230887
0.35,c1cnc(Nc2nc3c(s2)CCCc2n[nH]cc2-3)cn1,water,298.15,AqSolDB,-4.10791,O,ConformerEnsemble(10 conformers),0.44066234575791213,467.0888687667269
0.233333,c1cnc(Nc2nc3c(s2)CCCc2n[nH]cc2-3)nc1,water,298.15,AqSolDB,-5.52288,O,ConformerEnsemble(6 conformers),0.8225758363255005,469.8879482002296
0.35,c1cnc(Nc2nc3c(s2)CCc2n[nH]cc2-3)nc1,water,298.15,AqSolDB,-4.69897,O,ConformerEnsemble(4 conformers),0.7172499115642487,452.5726661489819
0.35,c1cnc(Nc2ncnc3ccc(-c4cccc(N5CCOCC5)c4)cc23)nc1,water,298.15,AqSolDB,-4.77728,O,ConformerEnsemble(42 conformers),1.6241563545958635,616.1896842395606
0.35,c1cnc(Nc2ncnc3ccc(-c4ccnc(N5CCOCC5)n4)cc23)nc1,water,298.15,AqSolDB,-4.5376,O,ConformerEnsemble(35 conformers),1.0996495923276546,574.5672298810446
0.35,c1cnc(Nc2ncnc3ccc(-c4nccc(N5CCOCC5)n4)cc23)nc1,water,298.15,AqSolDB,-3.0,O,ConformerEnsemble(26 conformers),2.1877037918400544,586.6593173553716
1.0,c1cnc(Sc2ccc3nnnn3n2)nc1,water,298.15,AqSolDB,-4.19,O,ConformerEnsemble(4 conformers),2.213134250420823,390.1682478388651
0.35,c1cnc2[nH]c(Nc3ccc(CCNc4ncnc5ccsc45)cc3)nc2c1,water,298.15,AqSolDB,-3.0,O,ConformerEnsemble(44 conformers),1.5180431082849946,542.3579763981576
0.35,c1cnc2c(-c3ccc4ncc(-c5ccncc5)n4n3)cccc2c1,water,298.15,AqSolDB,-3.50969,O,ConformerEnsemble(8 conformers),2.2965186628971264,529.8105538994809
0.35,c1cnc2c(c1)CCN2c1ccnc2[nH]ccc12,water,298.15,AqSolDB,-3.60206,O,ConformerEnsemble(4 conformers),1.632699728677943,420.1993247951002
1.0,c1cnc2c(c1)ccc1cccnc12,water,298.15,AqSolDB,-1.82745,O,ConformerEnsemble(1 conformers),1.2962012766063158,352.8129187602916
1.0,c1cnc2c(c1)ccc1ncccc12,water,298.15,AqSolDB,-2.6801,O,ConformerEnsemble(1 conformers),0.740730578692046,351.1929005029934
1.0,c1cnc2ccc(-c3ccc4ncccc4c3)cc2c1,water,298.15,AqSolDB,-4.52,O,ConformerEnsemble(4 conformers),0.763025940017944,466.7972468747028
0.35,c1cnc2ccc(-n3cnc4cnc5cnc(-c6ccsc6)cc5c43)cc2c1,water,298.15,AqSolDB,-5.33924,O,ConformerEnsemble(8 conformers),2.0304146411865314,566.5714712748733
0.35,c1cnc2ccc(Cn3nnc4ncc(-c5cn[nH]c5)nc43)cc2c1,water,298.15,AqSolDB,-5.25337,O,ConformerEnsemble(9 conformers),2.271125060808068,518.9366771907797
0.35,c1cnc2ccc(Cn3nnc4ncc(-c5cnn(C6CCNCC6)c5)nc43)cc2c1,water,298.15,AqSolDB,-4.96658,O,ConformerEnsemble(43 conformers),1.8723596971458636,646.2410330125798
0.35,c1cnc2ccc(Cn3nnc4ncc(-c5cnn(CCN6CCCC6)c5)nc43)cc2c1,water,298.15,AqSolDB,-3.5986,O,ConformerEnsemble(50 conformers),2.9448777303276175,612.0677798360563
0.35,c1cnc2ccc(Cn3nnc4ncc(-c5cnn([C@@H]6CCNC6)c5)nc43)cc2c1,water,298.15,AqSolDB,-4.21896,O,ConformerEnsemble(27 conformers),2.9529651990295913,565.749340649202
0.35,c1cnc2ccc(Cn3nnc4nccnc43)cc2c1,water,298.15,AqSolDB,-3.29158,O,ConformerEnsemble(5 conformers),1.8121027916316215,449.35387529701666
1.0,c1cnc2nc(CSc3nc[nH]n3)cn2c1,water,298.15,AqSolDB,-3.83,O,ConformerEnsemble(11 conformers),3.0409444187978085,403.78015724546236
1.0,c1cnc2nc(CSc3ncn[nH]3)cn2c1,water,298.15,AqSolDB,-3.83,O,ConformerEnsemble(7 conformers),3.2115000253014854,402.0130208756322
1.0,c1cnc2ncncc2n1,water,298.15,AqSolDB,0.0241057,O,ConformerEnsemble(1 conformers),0.9810916404919006,274.7209651744363
0.35,c1cncc(-c2ccc3ncc(-c4cccnc4)n3n2)c1,water,298.15,AqSolDB,-3.43664,O,ConformerEnsemble(15 conformers),1.1242011367334117,467.50979855234425
0.35,c1cncc(-c2ccnc(-c3nnc(Nc4ccc(CN5CCCC5)cc4)o3)c2)c1,water,298.15,AqSolDB,-2.6004,O,ConformerEnsemble(47 conformers),1.1166284823902193,681.5243588502951
0.35,c1cncc(-c2ccnc3[nH]ccc23)c1,water,298.15,AqSolDB,-2.69897,O,ConformerEnsemble(4 conformers),0.9243504029836326,373.66843343190226
1.0,c1cncc(-c2csc(-c3cccnc3)n2)c1,water,298.15,AqSolDB,-3.82,O,ConformerEnsemble(4 conformers),0.9667869410052885,425.31411011244387
1.0,c1cncc(-c2nc(-c3ccc4c(c3)OCCO4)cs2)c1,water,298.15,AqSolDB,-4.81,O,ConformerEnsemble(8 conformers),1.1885939041531175,494.6276895781168
1.0,c1cncc(-c2nc(N3CCOCC3)c3c4c(sc3n2)CCC4)c1,water,298.15,AqSolDB,-5.49,O,ConformerEnsemble(15 conformers),1.9306512736217374,531.1985405589162
1.0,c1cncc(-c2nc(NCC3CCCO3)c3ccccc3n2)c1,water,298.15,AqSolDB,-3.82,O,ConformerEnsemble(31 conformers),1.5813225328452205,522.4623693022971
1.0,c1cncc(-c2nc3ccccc3s2)c1,water,298.15,AqSolDB,-3.97,O,ConformerEnsemble(2 conformers),0.8801226092577672,389.2497204390701
0.35,c1cncc(-c2nccnc2OC2CN(c3ccc4ccccc4n3)C2)c1,water,298.15,AqSolDB,-3.87615,O,ConformerEnsemble(28 conformers),1.0013680683254984,587.292155757201
1.0,c1cncc(-c2noc(-c3ccc4ccccc4c3)n2)c1,water,298.15,AqSolDB,-6.14,O,ConformerEnsemble(4 conformers),1.4409991832891926,485.30273403133117
1.0,c1cncc(C(c2nnnn2C2CCCCC2)N2CCCCC2)c1,water,298.15,AqSolDB,-4.02,O,ConformerEnsemble(47 conformers),2.2092222739802634,529.1118774104858
1.0,c1cncc(C(c2nnnn2C2CCCCC2)[NH+]2CCCCC2)c1,water,298.15,AqSolDB,-4.02,O,ConformerEnsemble(46 conformers),4.448737965331884,539.7620320313181
1.0,c1cncc(C2CCCCN2)c1,water,298.15,AqSolDB,0.79,O,ConformerEnsemble(24 conformers),1.0664661999801968,351.52652603351396
0.35,c1cncc(C2CCCN2c2ccnc3[nH]ncc23)c1,water,298.15,AqSolDB,-3.0,O,ConformerEnsemble(19 conformers),1.898625833768371,450.2878336514465
1.0,c1cncc(C2Nc3cccc4cccc(c34)N2)c1,water,298.15,AqSolDB,-3.82,O,ConformerEnsemble(8 conformers),0.7756666752070368,446.39064870843157
1.0,c1cncc(C2OCC3(CO2)COC(c2cccnc2)OC3)c1,water,298.15,AqSolDB,-3.82,O,ConformerEnsemble(49 conformers),1.3546183870541095,508.4084243888287
1.0,c1cncc(CNc2nc(-c3cccnc3)nc3ccccc23)c1,water,298.15,AqSolDB,-3.82,O,ConformerEnsemble(18 conformers),1.528394360398582,531.7747713251797
1.0,c1cncc(CNc2nc[nH]n2)c1,water,298.15,AqSolDB,-3.91,O,ConformerEnsemble(8 conformers),0.49411599198980677,352.0474119237543
1.0,c1cncc(CNc2ncn[nH]2)c1,water,298.15,AqSolDB,-3.91,O,ConformerEnsemble(6 conformers),1.4872777923746516,354.53461354484796
1.0,c1cncc(CNc2ncnc3sc4c(c23)CCC4)c1,water,298.15,AqSolDB,-4.58,O,ConformerEnsemble(13 conformers),1.4486875436939568,476.5344608028053
1.0,c1cncc(CSc2ccc(-c3ccc4c(c3)OCO4)nn2)c1,water,298.15,AqSolDB,-5.05,O,ConformerEnsemble(19 conformers),1.1977043386785906,533.197620474384
1.0,c1cncc(CSc2ccc(-c3cccnc3)nn2)c1,water,298.15,AqSolDB,-4.01,O,ConformerEnsemble(18 conformers),1.0088778580450954,486.79569665730105
1.0,c1cncc(CSc2nnc3ccc(-c4ccco4)nn23)c1,water,298.15,AqSolDB,-4.03,O,ConformerEnsemble(15 conformers),1.8540734737606515,510.05243008722016
1.0,c1cncc(CSc2nnc3ccc(-c4cccs4)nn23)c1,water,298.15,AqSolDB,-3.97,O,ConformerEnsemble(18 conformers),1.850722784604699,519.0110314473825
1.0,c1cncc(CSc2nnc3ccc(-c4ccncc4)nn23)c1,water,298.15,AqSolDB,-3.88,O,ConformerEnsemble(24 conformers),1.21676403514011,525.1686971783457
1.0,c1cncc(C[NH2+]C2CCCC2)c1,water,298.15,AqSolDB,-3.68,O,ConformerEnsemble(28 conformers),5.460423566573696,387.94964088916566
1.0,c1cncc(C[NH2+]C2CCCCC2)c1,water,298.15,AqSolDB,-3.75,O,ConformerEnsemble(33 conformers),5.500327161404897,407.96955680631044
1.0,c1cncc(C[NH2+]CCc2c[nH]c3ccccc23)c1,water,298.15,AqSolDB,-3.82,O,ConformerEnsemble(35 conformers),3.352606660928893,443.1467625134876
1.0,c1cncc(C[NH2+]CCc2ccc3c(c2)OCO3)c1,water,298.15,AqSolDB,-3.69,O,ConformerEnsemble(30 conformers),3.918267094634228,433.6294332884517
1.0,c1cncc(C[NH2+]Cc2ccco2)c1,water,298.15,AqSolDB,-3.75,O,ConformerEnsemble(19 conformers),3.0164925251086263,392.2312406455446
0.233333,c1cncc(Cc2nnc(-c3ccc(N4CCC5(CCc6ccccc6O5)CC4)nn3)o2)c1,water,298.15,AqSolDB,-5.37675,O,ConformerEnsemble(47 conformers),2.267893236890426,697.1965835677905
1.0,c1cncc(Nc2c3ccccc3[nH+]c3ccccc23)c1,water,298.15,AqSolDB,-5.13,O,ConformerEnsemble(8 conformers),1.001623484810053,474.0466097201081
1.0,c1cncc(Nc2c3ccccc3nc3ccccc23)c1,water,298.15,AqSolDB,-5.13,O,ConformerEnsemble(8 conformers),0.7986456378868259,473.1999875369072
0.35,c1cncc(Nc2nc3c(s2)CCCc2n[nH]cc2-3)c1,water,298.15,AqSolDB,-5.42022,O,ConformerEnsemble(8 conformers),0.7298311737500529,471.0359969773978
0.35,c1cncc(Nc2nc3c(s2)CCc2n[nH]cc2-3)c1,water,298.15,AqSolDB,-4.76955,O,ConformerEnsemble(6 conformers),0.7657080740833778,456.8452838179005
0.35,c1cncc(Nc2ncnc3ccc(-c4cccc(N5CCOCC5)c4)cc23)c1,water,298.15,AqSolDB,-4.72584,O,ConformerEnsemble(31 conformers),1.301809606985505,630.2651334854128
0.25,c1cncc([C@@H]2CCCCN2)c1,water,298.15,AqSolDB,0.7898,O,ConformerEnsemble(12 conformers),1.2059204022813843,352.7240949130714
1.0,c1cncnc1,water,298.15,AqSolDB,1.0986,O,ConformerEnsemble(1 conformers),0.8711564758576235,219.87103128381676
1.0,c1cnn(-c2cncc(-n3cccn3)n2)c1,water,298.15,AqSolDB,-4.31,O,ConformerEnsemble(4 conformers),1.3290006021827758,391.3200273430331
1.0,c1cnn(Cc2cnc(N3CCOCC3)s2)c1,water,298.15,AqSolDB,-3.98,O,ConformerEnsemble(16 conformers),0.9489054702437613,438.540926817832
0.675,c1cnoc1,water,298.15,AqSolDB,0.382889,O,ConformerEnsemble(1 conformers),1.071348597112163,198.28991423663828
0.35,c1coc(-c2cc(-c3nccs3)cc(-c3ccc(-c4nccs4)cc3)n2)c1,water,298.15,AqSolDB,-6.0,O,ConformerEnsemble(24 conformers),0.6365238396165156,612.5026311312965
1.0,c1coc(-c2ccnc(-c3ccncc3)n2)c1,water,298.15,AqSolDB,-3.82,O,ConformerEnsemble(4 conformers),1.7154489050563149,416.37204899909324
1.0,c1coc(-c2ccnc(-n3cccc3)n2)c1,water,298.15,AqSolDB,-5.12,O,ConformerEnsemble(4 conformers),1.2243626508739096,402.1175478691449
0.35,c1coc(-c2nc3[nH]ncc3cc2-c2ccncn2)c1,water,298.15,AqSolDB,-2.94909,O,ConformerEnsemble(8 conformers),1.056526846173982,445.6890216181431
0.25,c1coc(-c2nc3ccccc3[nH]2)c1,water,298.15,AqSolDB,-3.414,O,ConformerEnsemble(2 conformers),1.2792816967729357,367.67309581709355
1.0,c1coc(-c2nnc(-c3ccco3)nn2)c1,water,298.15,AqSolDB,-4.36,O,ConformerEnsemble(4 conformers),0.16248487685732194,393.1796854832739
0.35,c1coc(-c2nnc(Cc3cccc4ccccc34)o2)c1,water,298.15,AqSolDB,-5.44137,O,ConformerEnsemble(14 conformers),1.3716330272064008,486.9361628475704
0.35,c1coc(-c2nnc(SCc3cccc4ccccc34)o2)c1,water,298.15,AqSolDB,-5.48906,O,ConformerEnsemble(19 conformers),0.6193859964189637,514.0670899920561
1.0,c1coc(C2=NCCc3ccccc32)c1,water,298.15,AqSolDB,-3.85,O,ConformerEnsemble(4 conformers),0.5515172629935534,386.4935069629019
1.0,c1coc(CN2CN=C3Nc4ccccc4N3C2)c1,water,298.15,AqSolDB,-3.86,O,ConformerEnsemble(20 conformers),0.6408171545275978,408.3670353551854
0.35,c1coc(CNCCCNc2ccnc3cc(-c4cccc5ccccc45)ccc23)c1,water,298.15,AqSolDB,-4.49485,O,ConformerEnsemble(186 conformers),1.44548268489637,606.7168746403073
0.35,c1coc(CNCCCNc2ccnc3cc(C4CCCCC4)ccc23)c1,water,298.15,AqSolDB,-5.37675,O,ConformerEnsemble(200 conformers),1.6900860591351325,645.3922461779854
0.35,c1coc(CNCCCNc2ccnc3cc(CC4CCCCC4)ccc23)c1,water,298.15,AqSolDB,-5.37675,O,ConformerEnsemble(200 conformers),1.1254568071083724,604.9083796513911
0.35,c1coc(CNCCCNc2ccnc3cc(Cc4ccc5c(c4)OCO5)ccc23)c1,water,298.15,AqSolDB,-4.49485,O,ConformerEnsemble(199 conformers),1.5332335115561362,599.7139116129335
1.0,c1coc(CNc2nc3ccccc3s2)c1,water,298.15,AqSolDB,-3.85,O,ConformerEnsemble(8 conformers),0.5702201127719007,415.98601619879514
0.25,c1coc(CNc2ncnc3[nH]cnc23)c1,water,298.15,AqSolDB,-3.95,O,ConformerEnsemble(7 conformers),0.954170180341338,389.83808397139313
1.0,c1coc(CSc2ncnc3c2oc2ccccc23)c1,water,298.15,AqSolDB,-5.5,O,ConformerEnsemble(11 conformers),0.29793663302509327,473.86576045486447
1.0,c1coc(C[NH+]2CNc3nc4ccccc4n3C2)c1,water,298.15,AqSolDB,-3.86,O,ConformerEnsemble(16 conformers),2.9551188095623697,457.9075135018376
1.0,c1coc(C[NH2+]CCc2c[nH]c3ccccc23)c1,water,298.15,AqSolDB,-3.8,O,ConformerEnsemble(33 conformers),2.5483217521753048,446.68751714542304
1.0,c1csc(-c2cc(N3CCCCC3)c3ccccc3[nH+]2)c1,water,298.15,AqSolDB,-5.43,O,ConformerEnsemble(19 conformers),1.1560109172807709,505.3964684157622
1.0,c1csc(-c2cc(N3CCCCC3)c3ccccc3n2)c1,water,298.15,AqSolDB,-5.43,O,ConformerEnsemble(18 conformers),1.566750714306111,510.307988317264
1.0,c1csc(-c2cn3ccc4ccccc4c3n2)c1,water,298.15,AqSolDB,-4.37,O,ConformerEnsemble(2 conformers),1.043476908306544,441.05490854574333
1.0,c1csc(-c2n[nH]c3c2Cc2ccccc2-3)c1,water,298.15,AqSolDB,-6.22,O,ConformerEnsemble(2 conformers),0.7303894506462775,423.58582327799076
1.0,c1csc(-c2nc(-c3ccc(-c4ccon4)s3)no2)c1,water,298.15,AqSolDB,-5.78,O,ConformerEnsemble(8 conformers),1.313339056958876,486.4328779601327
1.0,c1csc(-c2nc(CN3CCSCC3)cs2)c1,water,298.15,AqSolDB,-3.94,O,ConformerEnsemble(35 conformers),1.0962481992404194,463.5084591696548
1.0,c1csc(-c2nc(C[NH+]3CCSCC3)cs2)c1,water,298.15,AqSolDB,-3.94,O,ConformerEnsemble(32 conformers),3.9903025916797534,459.58487483163566
1.0,c1csc(-c2nc(N3CCCCC3)no2)c1,water,298.15,AqSolDB,-4.79,O,ConformerEnsemble(8 conformers),0.8464701574694985,430.7511666917808
1.0,c1csc(-c2nc(N3CCOCC3)c3ccccc3n2)c1,water,298.15,AqSolDB,-5.17,O,ConformerEnsemble(14 conformers),0.7972067601505602,485.26644598273134
1.0,c1csc(-c2nc3ccccc3s2)c1,water,298.15,AqSolDB,-5.49,O,ConformerEnsemble(2 conformers),0.3537947151216523,384.4950705799779
0.35,c1csc(-c2nnc(CN3CCCc4ccccc43)o2)c1,water,298.15,AqSolDB,-4.77435,O,ConformerEnsemble(15 conformers),1.0233677077666052,488.28885602843326
0.35,c1csc(-c2nnc(CN3CCOc4ccccc43)o2)c1,water,298.15,AqSolDB,-3.95767,O,ConformerEnsemble(14 conformers),1.2886046294411186,478.37497195840575
0.35,c1csc(-c2nnc(CN3CCc4ccccc43)o2)c1,water,298.15,AqSolDB,-3.87255,O,ConformerEnsemble(15 conformers),0.9886436615809187,470.0324796235939
0.35,c1csc(-c2nnc(CN3CCc4ccccc4C3)o2)c1,water,298.15,AqSolDB,-3.74092,O,ConformerEnsemble(31 conformers),1.40659462597223,507.66419737110215
0.35,c1csc(-c2nnc(CN3Cc4ccccc4C3)o2)c1,water,298.15,AqSolDB,-4.37315,O,ConformerEnsemble(32 conformers),1.3435761002368096,441.47732373841285
1.0,c1csc(-c2nnc(COc3ccc4c(c3)OCO4)o2)c1,water,298.15,AqSolDB,-4.08,O,ConformerEnsemble(15 conformers),1.2964094331755702,499.665383796772
1.0,c1csc(-c2nnc(COc3ncnc4sccc34)o2)c1,water,298.15,AqSolDB,-3.82,O,ConformerEnsemble(15 conformers),1.6728834155950578,496.5910930933939
0.35,c1csc(-c2nnc(Cc3ccc4ccccc4c3)o2)c1,water,298.15,AqSolDB,-5.46592,O,ConformerEnsemble(10 conformers),1.4504045107821026,507.410553150886
0.35,c1csc(-c2nnc(Cc3cccc4c3OCCO4)o2)c1,water,298.15,AqSolDB,-3.59112,O,ConformerEnsemble(12 conformers),1.5745349966080704,498.6736774379703
0.35,c1csc(-c2nnc(Cc3cccc4ccccc34)o2)c1,water,298.15,AqSolDB,-5.46592,O,ConformerEnsemble(12 conformers),1.4047804567716424,494.92266925560364
0.35,c1csc(-c2nnc3sc(-c4cnccn4)nn23)c1,water,298.15,AqSolDB,-4.52288,O,ConformerEnsemble(5 conformers),2.034367289434257,446.12079903177477
1.0,c1csc(-c2noc(CN3CCN4CCCC4C3)n2)c1,water,298.15,AqSolDB,-3.82,O,ConformerEnsemble(44 conformers),0.5652957540955961,492.79102148955644
1.0,c1csc(-c2noc(CN3CCOCC3)n2)c1,water,298.15,AqSolDB,-3.84,O,ConformerEnsemble(31 conformers),0.7781702657282774,438.5652414849907
1.0,c1csc(-c2noc(CN3CCc4sccc4C3)n2)c1,water,298.15,AqSolDB,-4.05,O,ConformerEnsemble(32 conformers),0.6495156502763647,495.3290108452445
1.0,c1csc(-c2noc(C[NH+]3CCOCC3)n2)c1,water,298.15,AqSolDB,-3.84,O,ConformerEnsemble(31 conformers),6.214010088412141,441.22537230151084
1.0,c1csc(-c2noc(C[NH+]3CC[NH+]4CCCC4C3)n2)c1,water,298.15,AqSolDB,-3.83,O,ConformerEnsemble(39 conformers),13.129139864084074,509.9769683849315
1.0,c1csc(-c2noc(C[NH+]3CCc4sccc4C3)n2)c1,water,298.15,AqSolDB,-4.05,O,ConformerEnsemble(25 conformers),3.4782458473053053,497.93261302308485
1.0,c1csc(C[NH+]2CC[NH2+]CC2)c1,water,298.15,AqSolDB,-3.68,O,ConformerEnsemble(24 conformers),8.036760585121819,372.01481438661733
1.0,c1csc(C[NH2+]Cc2ccncc2)c1,water,298.15,AqSolDB,-3.75,O,ConformerEnsemble(19 conformers),2.718178899888059,400.8028684139607
1.0,c1nc(N2CCCCC2)c2nc[nH]c2n1,water,298.15,AqSolDB,-3.3,O,ConformerEnsemble(7 conformers),0.9030454477499624,375.28227559101975
0.35,c1nc(NCC2CCOC2)c2cc(-c3ccc4c(c3)OCO4)ccc2n1,water,298.15,AqSolDB,-3.84375,O,ConformerEnsemble(37 conformers),1.5081913187950782,551.7085375423043
0.35,c1nc(N[C@H]2CC[C@H](N3CCOCC3)CC2)c2c(C3CCOCC3)c[nH]c2n1,water,298.15,AqSolDB,-3.94928,O,ConformerEnsemble(50 conformers),1.1582218581177106,619.1579910503838
1.0,c1nc(Nc2ccc(N3CCOCC3)cc2)c2ccsc2n1,water,298.15,AqSolDB,-3.82,O,ConformerEnsemble(24 conformers),1.8075616773765835,515.7953882829565
0.35,c1nc(S[C@H]2CC[C@H](N3CCOCC3)CC2)c2c(C3CCOCC3)c[nH]c2n1,water,298.15,AqSolDB,-5.30103,O,ConformerEnsemble(50 conformers),0.9051503939552628,628.530334605842
1.0,c1nc2cc(Cc3ccc4[nH]cnc4c3)ccc2[nH]1,water,298.15,AqSolDB,-3.86,O,ConformerEnsemble(6 conformers),1.817581872139714,451.27542401039244
1.0,c1nc2ccc(Cc3ccc4nc[nH]c4c3)cc2[nH]1,water,298.15,AqSolDB,-3.86,O,ConformerEnsemble(6 conformers),1.9609257814758707,451.199114043856
1.0,c1nc2n(n1)C1=C(CCCC1)C1(CCCCC1)N2,water,298.15,AqSolDB,-4.91,O,ConformerEnsemble(8 conformers),1.9388549026143622,432.53235172635345
1.0,c1nc2nc3c(c(N4CCNCC4)n2n1)CCCC3,water,298.15,AqSolDB,-3.83,O,ConformerEnsemble(16 conformers),2.1086147322621787,442.7454009764021
1.0,c1nc2nc3c(c(N4CC[NH2+]CC4)n2n1)CCCC3,water,298.15,AqSolDB,-3.84,O,ConformerEnsemble(15 conformers),5.013389791694512,439.40078289863965
0.25,c1nc[nH]n1,water,298.15,AqSolDB,1.00583,O,ConformerEnsemble(1 conformers),1.1952805414977867,196.01025065714146
0.675,c1ncc2[nH]cnc2n1,water,298.15,AqSolDB,0.619148,O,ConformerEnsemble(1 conformers),2.2739179732774666,260.0607522841029
0.675,c1ncc2n[nH]nc2n1,water,298.15,AqSolDB,-0.231963,O,ConformerEnsemble(1 conformers),1.1328491694017144,252.8798470453372
1.0,c1nnc(-c2ccc3c(c2)OCO3)o1,water,298.15,AqSolDB,-3.97,O,ConformerEnsemble(2 conformers),1.6025150791655562,348.6986776754816
